﻿<?xml version="1.0" encoding="utf-8"?>
<?xml-stylesheet type="text/xsl" href="file:///C:/Users/Aceltis/AppData/Local/Microsoft/VisualStudio/10.0/Extensions/Microsoft/Visualization and Modeling Feature Pack/1.0/Logging/CodeGenLog.xslt"?>
<Log xmlns="http://schemas.microsoft.com/VisualStudio/2010/CodeGen.RE.Log">
  <Message Timestamp="2012-12-24T16:32:39" Importance="High" Text="Code generation or text transformation started." />
  <Message Timestamp="2012-12-24T16:32:40" Importance="Diagnostic" Text="Name = ClassTemplate" />
  <Message Timestamp="2012-12-24T16:32:40" Importance="Diagnostic" Text="Overwrite = True" />
  <Message Timestamp="2012-12-24T16:32:40" Importance="Diagnostic" Text="ProjectPath = ..\CivilizationLib\CivilizationLib.csproj" />
  <Message Timestamp="2012-12-24T16:32:40" Importance="Diagnostic" Text="TargetDirectory = GeneratedCode\{PackageStructure}" />
  <Message Timestamp="2012-12-24T16:32:40" Importance="Diagnostic" Text="TargetName = {Name}" />
  <Message Timestamp="2012-12-24T16:32:40" Importance="Diagnostic" Text="TemplateFilePath = %LocalAppData%\Microsoft\VisualStudio\10.0\Extensions\Microsoft\Visualization and Modeling Feature Pack\1.0\Templates\Text\ClassTemplate.t4" />
  <Message Timestamp="2012-12-24T16:32:40" Importance="Diagnostic" Text="ResolvedTemplateFilePath = C:\Users\Aceltis\AppData\Local\Microsoft\VisualStudio\10.0\Extensions\Microsoft\Visualization and Modeling Feature Pack\1.0\Templates\Text\ClassTemplate.t4" />
  <Message Timestamp="2012-12-24T16:32:40" Importance="Medium" Text="Civilization's Text Template Binding: 'ClassTemplate' will apply ClassTemplate.t4 to: 'Civilization::Implementation::Unit' -  (Class), 'Civilization::Implementation::BossINFO' -  (Class), 'Civilization::Implementation::StudentINFO' -  (Class), 'Civilization::Implementation::TeacherINFO' -  (Class), 'Civilization::Implementation::INFOFactory' -  (Class), 'Civilization::Implementation::City' -  (Class), 'Civilization::Implementation::BossEII' -  (Class), 'Civilization::Implementation::EIIFactory' -  (Class), 'Civilization::Implementation::StudentEII' -  (Class), 'Civilization::Implementation::TeacherEII' -  (Class), 'Civilization::Implementation::Player' -  (Class), 'Civilization::Implementation::GameBuilder' -  (Class), 'Civilization::Implementation::Game' -  (Class), 'Civilization::Implementation::MapStrategy' -  (Class), 'Civilization::Implementation::SmallMapStrategy' -  (Class), 'Civilization::Implementation::LargeMapStrategy' -  (Class), 'Civilization::Implementation::Map' -  (Class), 'Civilization::Implementation::CaseFactory' -  (Class), 'Civilization::Implementation::Case' -  (Class), 'Civilization::Implementation::Plain' -  (Class), 'Civilization::Implementation::Mountain' -  (Class), 'Civilization::Implementation::Desert' -  (Class), 'Civilization::Implementation::CaseDecorator' -  (Class), 'Civilization::Implementation::Iron' -  (Class), 'Civilization::Implementation::Fruit' -  (Class), 'Civilization::GameCreation' -  (Interaction), 'Civilization::OneGame' -  (Interaction), 'Civilization::OneTurn' -  (Interaction), 'Civilization::Player's actions' -  (Subsystem), 'Civilization::Units' Actions' -  (Subsystem) " />
  <Message Timestamp="2012-12-24T16:32:50" Importance="Medium" Text="Project Added: D:\PROJET\Dev\Civilization\CivilizationLib\CivilizationLib.csproj" />
  <Message Timestamp="2012-12-24T16:32:50" Importance="Medium" Text="'Civilization::Implementation::Unit' -  (Class) : success (file created) - D:\PROJET\Dev\Civilization\CivilizationLib\GeneratedCode\Implementation\Unit.cs" />
  <Message Timestamp="2012-12-24T16:32:50" Importance="Medium" Text="'Civilization::Implementation::BossINFO' -  (Class) : success (file created) - D:\PROJET\Dev\Civilization\CivilizationLib\GeneratedCode\Implementation\BossINFO.cs" />
  <Message Timestamp="2012-12-24T16:32:51" Importance="Medium" Text="'Civilization::Implementation::StudentINFO' -  (Class) : success (file created) - D:\PROJET\Dev\Civilization\CivilizationLib\GeneratedCode\Implementation\StudentINFO.cs" />
  <Message Timestamp="2012-12-24T16:32:51" Importance="Medium" Text="'Civilization::Implementation::TeacherINFO' -  (Class) : success (file created) - D:\PROJET\Dev\Civilization\CivilizationLib\GeneratedCode\Implementation\TeacherINFO.cs" />
  <Message Timestamp="2012-12-24T16:32:51" Importance="Medium" Text="'Civilization::Implementation::INFOFactory' -  (Class) : success (file created) - D:\PROJET\Dev\Civilization\CivilizationLib\GeneratedCode\Implementation\INFOFactory.cs" />
  <Message Timestamp="2012-12-24T16:32:51" Importance="Medium" Text="'Civilization::Implementation::City' -  (Class) : success (file created) - D:\PROJET\Dev\Civilization\CivilizationLib\GeneratedCode\Implementation\City.cs" />
  <Message Timestamp="2012-12-24T16:32:51" Importance="Medium" Text="'Civilization::Implementation::BossEII' -  (Class) : success (file created) - D:\PROJET\Dev\Civilization\CivilizationLib\GeneratedCode\Implementation\BossEII.cs" />
  <Message Timestamp="2012-12-24T16:32:51" Importance="Medium" Text="'Civilization::Implementation::EIIFactory' -  (Class) : success (file created) - D:\PROJET\Dev\Civilization\CivilizationLib\GeneratedCode\Implementation\EIIFactory.cs" />
  <Message Timestamp="2012-12-24T16:32:51" Importance="Medium" Text="'Civilization::Implementation::StudentEII' -  (Class) : success (file created) - D:\PROJET\Dev\Civilization\CivilizationLib\GeneratedCode\Implementation\StudentEII.cs" />
  <Message Timestamp="2012-12-24T16:32:51" Importance="Medium" Text="'Civilization::Implementation::TeacherEII' -  (Class) : success (file created) - D:\PROJET\Dev\Civilization\CivilizationLib\GeneratedCode\Implementation\TeacherEII.cs" />
  <Message Timestamp="2012-12-24T16:32:51" Importance="Medium" Text="'Civilization::Implementation::Player' -  (Class) : success (file created) - D:\PROJET\Dev\Civilization\CivilizationLib\GeneratedCode\Implementation\Player.cs" />
  <Message Timestamp="2012-12-24T16:32:51" Importance="Medium" Text="'Civilization::Implementation::GameBuilder' -  (Class) : success (file created) - D:\PROJET\Dev\Civilization\CivilizationLib\GeneratedCode\Implementation\GameBuilder.cs" />
  <Message Timestamp="2012-12-24T16:32:52" Importance="Medium" Text="'Civilization::Implementation::Game' -  (Class) : success (file created) - D:\PROJET\Dev\Civilization\CivilizationLib\GeneratedCode\Implementation\Game.cs" />
  <Message Timestamp="2012-12-24T16:32:52" Importance="Medium" Text="'Civilization::Implementation::MapStrategy' -  (Class) : success (file created) - D:\PROJET\Dev\Civilization\CivilizationLib\GeneratedCode\Implementation\MapStrategy.cs" />
  <Message Timestamp="2012-12-24T16:32:52" Importance="Medium" Text="'Civilization::Implementation::SmallMapStrategy' -  (Class) : success (file created) - D:\PROJET\Dev\Civilization\CivilizationLib\GeneratedCode\Implementation\SmallMapStrategy.cs" />
  <Message Timestamp="2012-12-24T16:32:52" Importance="Medium" Text="'Civilization::Implementation::LargeMapStrategy' -  (Class) : success (file created) - D:\PROJET\Dev\Civilization\CivilizationLib\GeneratedCode\Implementation\LargeMapStrategy.cs" />
  <Message Timestamp="2012-12-24T16:32:52" Importance="Medium" Text="'Civilization::Implementation::Map' -  (Class) : success (file created) - D:\PROJET\Dev\Civilization\CivilizationLib\GeneratedCode\Implementation\Map.cs" />
  <Message Timestamp="2012-12-24T16:32:52" Importance="Medium" Text="'Civilization::Implementation::CaseFactory' -  (Class) : success (file created) - D:\PROJET\Dev\Civilization\CivilizationLib\GeneratedCode\Implementation\CaseFactory.cs" />
  <Message Timestamp="2012-12-24T16:32:52" Importance="Medium" Text="'Civilization::Implementation::Case' -  (Class) : success (file created) - D:\PROJET\Dev\Civilization\CivilizationLib\GeneratedCode\Implementation\Case.cs" />
  <Message Timestamp="2012-12-24T16:32:52" Importance="Medium" Text="'Civilization::Implementation::Plain' -  (Class) : success (file created) - D:\PROJET\Dev\Civilization\CivilizationLib\GeneratedCode\Implementation\Plain.cs" />
  <Message Timestamp="2012-12-24T16:32:52" Importance="Medium" Text="'Civilization::Implementation::Mountain' -  (Class) : success (file created) - D:\PROJET\Dev\Civilization\CivilizationLib\GeneratedCode\Implementation\Mountain.cs" />
  <Message Timestamp="2012-12-24T16:32:52" Importance="Medium" Text="'Civilization::Implementation::Desert' -  (Class) : success (file created) - D:\PROJET\Dev\Civilization\CivilizationLib\GeneratedCode\Implementation\Desert.cs" />
  <Message Timestamp="2012-12-24T16:32:52" Importance="Medium" Text="'Civilization::Implementation::CaseDecorator' -  (Class) : success (file created) - D:\PROJET\Dev\Civilization\CivilizationLib\GeneratedCode\Implementation\CaseDecorator.cs" />
  <Message Timestamp="2012-12-24T16:32:53" Importance="Medium" Text="'Civilization::Implementation::Iron' -  (Class) : success (file created) - D:\PROJET\Dev\Civilization\CivilizationLib\GeneratedCode\Implementation\Iron.cs" />
  <Message Timestamp="2012-12-24T16:32:53" Importance="Medium" Text="'Civilization::Implementation::Fruit' -  (Class) : success (file created) - D:\PROJET\Dev\Civilization\CivilizationLib\GeneratedCode\Implementation\Fruit.cs" />
  <Message Timestamp="2012-12-24T16:32:53" Importance="Diagnostic" Text="'Civilization::GameCreation' -  (Interaction): no file generated because the 'AppliesToElement' method of the template 'ClassTemplate.t4' evaluated to false." />
  <Message Timestamp="2012-12-24T16:32:53" Importance="Diagnostic" Text="'Civilization::OneGame' -  (Interaction): no file generated because the 'AppliesToElement' method of the template 'ClassTemplate.t4' evaluated to false." />
  <Message Timestamp="2012-12-24T16:32:53" Importance="Diagnostic" Text="'Civilization::OneTurn' -  (Interaction): no file generated because the 'AppliesToElement' method of the template 'ClassTemplate.t4' evaluated to false." />
  <Message Timestamp="2012-12-24T16:32:53" Importance="Diagnostic" Text="'Civilization::Player's actions' -  (Subsystem): no file generated because the 'AppliesToElement' method of the template 'ClassTemplate.t4' evaluated to false." />
  <Message Timestamp="2012-12-24T16:32:53" Importance="Diagnostic" Text="'Civilization::Units' Actions' -  (Subsystem): no file generated because the 'AppliesToElement' method of the template 'ClassTemplate.t4' evaluated to false." />
  <Message Timestamp="2012-12-24T16:32:53" Importance="Diagnostic" Text="Name = EnumTemplate" />
  <Message Timestamp="2012-12-24T16:32:53" Importance="Diagnostic" Text="Overwrite = True" />
  <Message Timestamp="2012-12-24T16:32:53" Importance="Diagnostic" Text="ProjectPath = ..\CivilizationLib\CivilizationLib.csproj" />
  <Message Timestamp="2012-12-24T16:32:53" Importance="Diagnostic" Text="TargetDirectory = GeneratedCode\{PackageStructure}" />
  <Message Timestamp="2012-12-24T16:32:53" Importance="Diagnostic" Text="TargetName = {Name}" />
  <Message Timestamp="2012-12-24T16:32:53" Importance="Diagnostic" Text="TemplateFilePath = %LocalAppData%\Microsoft\VisualStudio\10.0\Extensions\Microsoft\Visualization and Modeling Feature Pack\1.0\Templates\Text\EnumTemplate.t4" />
  <Message Timestamp="2012-12-24T16:32:53" Importance="Diagnostic" Text="ResolvedTemplateFilePath = C:\Users\Aceltis\AppData\Local\Microsoft\VisualStudio\10.0\Extensions\Microsoft\Visualization and Modeling Feature Pack\1.0\Templates\Text\EnumTemplate.t4" />
  <Message Timestamp="2012-12-24T16:32:53" Importance="Medium" Text="Civilization's Text Template Binding: 'EnumTemplate' will apply EnumTemplate.t4 to: 'Civilization::Implementation::MapType' -  (Enumeration), 'Civilization::Implementation::ProductionType' -  (Enumeration), 'Civilization::Implementation::CivilizationType' -  (Enumeration), 'Civilization::Implementation::StatusType' -  (Enumeration) " />
  <Message Timestamp="2012-12-24T16:32:53" Importance="Medium" Text="'Civilization::Implementation::MapType' -  (Enumeration) : success (file created) - D:\PROJET\Dev\Civilization\CivilizationLib\GeneratedCode\Implementation\MapType.cs" />
  <Message Timestamp="2012-12-24T16:32:53" Importance="Medium" Text="'Civilization::Implementation::ProductionType' -  (Enumeration) : success (file created) - D:\PROJET\Dev\Civilization\CivilizationLib\GeneratedCode\Implementation\ProductionType.cs" />
  <Message Timestamp="2012-12-24T16:32:54" Importance="Medium" Text="'Civilization::Implementation::CivilizationType' -  (Enumeration) : success (file created) - D:\PROJET\Dev\Civilization\CivilizationLib\GeneratedCode\Implementation\CivilizationType.cs" />
  <Message Timestamp="2012-12-24T16:32:54" Importance="Medium" Text="'Civilization::Implementation::StatusType' -  (Enumeration) : success (file created) - D:\PROJET\Dev\Civilization\CivilizationLib\GeneratedCode\Implementation\StatusType.cs" />
  <Message Timestamp="2012-12-24T16:32:54" Importance="Diagnostic" Text="Name = InterfaceTemplate" />
  <Message Timestamp="2012-12-24T16:32:54" Importance="Diagnostic" Text="Overwrite = True" />
  <Message Timestamp="2012-12-24T16:32:54" Importance="Diagnostic" Text="ProjectPath = ..\CivilizationLib\CivilizationLib.csproj" />
  <Message Timestamp="2012-12-24T16:32:54" Importance="Diagnostic" Text="TargetDirectory = GeneratedCode\{PackageStructure}" />
  <Message Timestamp="2012-12-24T16:32:54" Importance="Diagnostic" Text="TargetName = {Name}" />
  <Message Timestamp="2012-12-24T16:32:54" Importance="Diagnostic" Text="TemplateFilePath = %LocalAppData%\Microsoft\VisualStudio\10.0\Extensions\Microsoft\Visualization and Modeling Feature Pack\1.0\Templates\Text\InterfaceTemplate.t4" />
  <Message Timestamp="2012-12-24T16:32:54" Importance="Diagnostic" Text="ResolvedTemplateFilePath = C:\Users\Aceltis\AppData\Local\Microsoft\VisualStudio\10.0\Extensions\Microsoft\Visualization and Modeling Feature Pack\1.0\Templates\Text\InterfaceTemplate.t4" />
  <Message Timestamp="2012-12-24T16:32:54" Importance="Medium" Text="Civilization's Text Template Binding: 'InterfaceTemplate' will apply InterfaceTemplate.t4 to: 'Civilization::Interfaces::IGame' -  (Interface), 'Civilization::Interfaces::IMapStrategy' -  (Interface), 'Civilization::Interfaces::ILargeMapStrategy' -  (Interface), 'Civilization::Interfaces::ISmallMapStrategy' -  (Interface), 'Civilization::Interfaces::IGameBuilder' -  (Interface), 'Civilization::Interfaces::IPlayer' -  (Interface), 'Civilization::Interfaces::IUnit' -  (Interface), 'Civilization::Interfaces::IStudent' -  (Interface), 'Civilization::Interfaces::IBoss' -  (Interface), 'Civilization::Interfaces::ICivilizationFactory' -  (Interface), 'Civilization::Interfaces::ITeacher' -  (Interface), 'Civilization::Interfaces::IMap' -  (Interface), 'Civilization::Interfaces::ICaseFactory' -  (Interface), 'Civilization::Interfaces::IPlain' -  (Interface), 'Civilization::Interfaces::ICase' -  (Interface), 'Civilization::Interfaces::IMountain' -  (Interface), 'Civilization::Interfaces::IDesert' -  (Interface), 'Civilization::Interfaces::ICaseDecorator' -  (Interface), 'Civilization::Interfaces::IIron' -  (Interface), 'Civilization::Interfaces::IFruit' -  (Interface), 'Civilization::Interfaces::ICity' -  (Interface) " />
  <Message Timestamp="2012-12-24T16:32:54" Importance="Medium" Text="'Civilization::Interfaces::IGame' -  (Interface) : success (file created) - D:\PROJET\Dev\Civilization\CivilizationLib\GeneratedCode\Interfaces\IGame.cs" />
  <Message Timestamp="2012-12-24T16:32:54" Importance="Medium" Text="'Civilization::Interfaces::IMapStrategy' -  (Interface) : success (file created) - D:\PROJET\Dev\Civilization\CivilizationLib\GeneratedCode\Interfaces\IMapStrategy.cs" />
  <Message Timestamp="2012-12-24T16:32:54" Importance="Medium" Text="'Civilization::Interfaces::ILargeMapStrategy' -  (Interface) : success (file created) - D:\PROJET\Dev\Civilization\CivilizationLib\GeneratedCode\Interfaces\ILargeMapStrategy.cs" />
  <Message Timestamp="2012-12-24T16:32:54" Importance="Medium" Text="'Civilization::Interfaces::ISmallMapStrategy' -  (Interface) : success (file created) - D:\PROJET\Dev\Civilization\CivilizationLib\GeneratedCode\Interfaces\ISmallMapStrategy.cs" />
  <Message Timestamp="2012-12-24T16:32:54" Importance="Medium" Text="'Civilization::Interfaces::IGameBuilder' -  (Interface) : success (file created) - D:\PROJET\Dev\Civilization\CivilizationLib\GeneratedCode\Interfaces\IGameBuilder.cs" />
  <Message Timestamp="2012-12-24T16:32:54" Importance="Medium" Text="'Civilization::Interfaces::IPlayer' -  (Interface) : success (file created) - D:\PROJET\Dev\Civilization\CivilizationLib\GeneratedCode\Interfaces\IPlayer.cs" />
  <Message Timestamp="2012-12-24T16:32:54" Importance="Medium" Text="'Civilization::Interfaces::IUnit' -  (Interface) : success (file created) - D:\PROJET\Dev\Civilization\CivilizationLib\GeneratedCode\Interfaces\IUnit.cs" />
  <Message Timestamp="2012-12-24T16:32:55" Importance="Medium" Text="'Civilization::Interfaces::IStudent' -  (Interface) : success (file created) - D:\PROJET\Dev\Civilization\CivilizationLib\GeneratedCode\Interfaces\IStudent.cs" />
  <Message Timestamp="2012-12-24T16:32:55" Importance="Medium" Text="'Civilization::Interfaces::IBoss' -  (Interface) : success (file created) - D:\PROJET\Dev\Civilization\CivilizationLib\GeneratedCode\Interfaces\IBoss.cs" />
  <Message Timestamp="2012-12-24T16:32:55" Importance="Medium" Text="'Civilization::Interfaces::ICivilizationFactory' -  (Interface) : success (file created) - D:\PROJET\Dev\Civilization\CivilizationLib\GeneratedCode\Interfaces\ICivilizationFactory.cs" />
  <Message Timestamp="2012-12-24T16:32:55" Importance="Medium" Text="'Civilization::Interfaces::ITeacher' -  (Interface) : success (file created) - D:\PROJET\Dev\Civilization\CivilizationLib\GeneratedCode\Interfaces\ITeacher.cs" />
  <Message Timestamp="2012-12-24T16:32:55" Importance="Medium" Text="'Civilization::Interfaces::IMap' -  (Interface) : success (file created) - D:\PROJET\Dev\Civilization\CivilizationLib\GeneratedCode\Interfaces\IMap.cs" />
  <Message Timestamp="2012-12-24T16:32:55" Importance="Medium" Text="'Civilization::Interfaces::ICaseFactory' -  (Interface) : success (file created) - D:\PROJET\Dev\Civilization\CivilizationLib\GeneratedCode\Interfaces\ICaseFactory.cs" />
  <Message Timestamp="2012-12-24T16:32:55" Importance="Medium" Text="'Civilization::Interfaces::IPlain' -  (Interface) : success (file created) - D:\PROJET\Dev\Civilization\CivilizationLib\GeneratedCode\Interfaces\IPlain.cs" />
  <Message Timestamp="2012-12-24T16:32:55" Importance="Medium" Text="'Civilization::Interfaces::ICase' -  (Interface) : success (file created) - D:\PROJET\Dev\Civilization\CivilizationLib\GeneratedCode\Interfaces\ICase.cs" />
  <Message Timestamp="2012-12-24T16:32:55" Importance="Medium" Text="'Civilization::Interfaces::IMountain' -  (Interface) : success (file created) - D:\PROJET\Dev\Civilization\CivilizationLib\GeneratedCode\Interfaces\IMountain.cs" />
  <Message Timestamp="2012-12-24T16:32:55" Importance="Medium" Text="'Civilization::Interfaces::IDesert' -  (Interface) : success (file created) - D:\PROJET\Dev\Civilization\CivilizationLib\GeneratedCode\Interfaces\IDesert.cs" />
  <Message Timestamp="2012-12-24T16:32:55" Importance="Medium" Text="'Civilization::Interfaces::ICaseDecorator' -  (Interface) : success (file created) - D:\PROJET\Dev\Civilization\CivilizationLib\GeneratedCode\Interfaces\ICaseDecorator.cs" />
  <Message Timestamp="2012-12-24T16:32:55" Importance="Medium" Text="'Civilization::Interfaces::IIron' -  (Interface) : success (file created) - D:\PROJET\Dev\Civilization\CivilizationLib\GeneratedCode\Interfaces\IIron.cs" />
  <Message Timestamp="2012-12-24T16:32:56" Importance="Medium" Text="'Civilization::Interfaces::IFruit' -  (Interface) : success (file created) - D:\PROJET\Dev\Civilization\CivilizationLib\GeneratedCode\Interfaces\IFruit.cs" />
  <Message Timestamp="2012-12-24T16:32:56" Importance="Medium" Text="'Civilization::Interfaces::ICity' -  (Interface) : success (file created) - D:\PROJET\Dev\Civilization\CivilizationLib\GeneratedCode\Interfaces\ICity.cs" />
  <Message Timestamp="2012-12-24T16:32:56" Importance="Diagnostic" Text="Name = StructTemplate" />
  <Message Timestamp="2012-12-24T16:32:56" Importance="Diagnostic" Text="Overwrite = True" />
  <Message Timestamp="2012-12-24T16:32:56" Importance="Diagnostic" Text="ProjectPath = ..\CivilizationLib\CivilizationLib.csproj" />
  <Message Timestamp="2012-12-24T16:32:56" Importance="Diagnostic" Text="TargetDirectory = GeneratedCode\{PackageStructure}" />
  <Message Timestamp="2012-12-24T16:32:56" Importance="Diagnostic" Text="TargetName = {Name}" />
  <Message Timestamp="2012-12-24T16:32:56" Importance="Diagnostic" Text="TemplateFilePath = %LocalAppData%\Microsoft\VisualStudio\10.0\Extensions\Microsoft\Visualization and Modeling Feature Pack\1.0\Templates\Text\StructTemplate.t4" />
  <Message Timestamp="2012-12-24T16:32:56" Importance="Diagnostic" Text="ResolvedTemplateFilePath = C:\Users\Aceltis\AppData\Local\Microsoft\VisualStudio\10.0\Extensions\Microsoft\Visualization and Modeling Feature Pack\1.0\Templates\Text\StructTemplate.t4" />
  <Message Timestamp="2012-12-24T16:32:56" Importance="Medium" Text="Civilization's Text Template Binding: 'StructTemplate' will apply StructTemplate.t4 to: 'Civilization::Implementation::Unit' -  (Class), 'Civilization::Implementation::BossINFO' -  (Class), 'Civilization::Implementation::StudentINFO' -  (Class), 'Civilization::Implementation::TeacherINFO' -  (Class), 'Civilization::Implementation::INFOFactory' -  (Class), 'Civilization::Implementation::City' -  (Class), 'Civilization::Implementation::BossEII' -  (Class), 'Civilization::Implementation::EIIFactory' -  (Class), 'Civilization::Implementation::StudentEII' -  (Class), 'Civilization::Implementation::TeacherEII' -  (Class), 'Civilization::Implementation::Player' -  (Class), 'Civilization::Implementation::GameBuilder' -  (Class), 'Civilization::Implementation::Game' -  (Class), 'Civilization::Implementation::MapStrategy' -  (Class), 'Civilization::Implementation::SmallMapStrategy' -  (Class), 'Civilization::Implementation::LargeMapStrategy' -  (Class), 'Civilization::Implementation::Map' -  (Class), 'Civilization::Implementation::CaseFactory' -  (Class), 'Civilization::Implementation::Case' -  (Class), 'Civilization::Implementation::Plain' -  (Class), 'Civilization::Implementation::Mountain' -  (Class), 'Civilization::Implementation::Desert' -  (Class), 'Civilization::Implementation::CaseDecorator' -  (Class), 'Civilization::Implementation::Iron' -  (Class), 'Civilization::Implementation::Fruit' -  (Class), 'Civilization::GameCreation' -  (Interaction), 'Civilization::OneGame' -  (Interaction), 'Civilization::OneTurn' -  (Interaction), 'Civilization::Player's actions' -  (Subsystem), 'Civilization::Units' Actions' -  (Subsystem) " />
  <Message Timestamp="2012-12-24T16:32:56" Importance="Diagnostic" Text="'Civilization::Implementation::Unit' -  (Class): no file generated because the 'AppliesToElement' method of the template 'StructTemplate.t4' evaluated to false." />
  <Message Timestamp="2012-12-24T16:32:56" Importance="Diagnostic" Text="'Civilization::Implementation::BossINFO' -  (Class): no file generated because the 'AppliesToElement' method of the template 'StructTemplate.t4' evaluated to false." />
  <Message Timestamp="2012-12-24T16:32:56" Importance="Diagnostic" Text="'Civilization::Implementation::StudentINFO' -  (Class): no file generated because the 'AppliesToElement' method of the template 'StructTemplate.t4' evaluated to false." />
  <Message Timestamp="2012-12-24T16:32:56" Importance="Diagnostic" Text="'Civilization::Implementation::TeacherINFO' -  (Class): no file generated because the 'AppliesToElement' method of the template 'StructTemplate.t4' evaluated to false." />
  <Message Timestamp="2012-12-24T16:32:56" Importance="Diagnostic" Text="'Civilization::Implementation::INFOFactory' -  (Class): no file generated because the 'AppliesToElement' method of the template 'StructTemplate.t4' evaluated to false." />
  <Message Timestamp="2012-12-24T16:32:56" Importance="Diagnostic" Text="'Civilization::Implementation::City' -  (Class): no file generated because the 'AppliesToElement' method of the template 'StructTemplate.t4' evaluated to false." />
  <Message Timestamp="2012-12-24T16:32:56" Importance="Diagnostic" Text="'Civilization::Implementation::BossEII' -  (Class): no file generated because the 'AppliesToElement' method of the template 'StructTemplate.t4' evaluated to false." />
  <Message Timestamp="2012-12-24T16:32:56" Importance="Diagnostic" Text="'Civilization::Implementation::EIIFactory' -  (Class): no file generated because the 'AppliesToElement' method of the template 'StructTemplate.t4' evaluated to false." />
  <Message Timestamp="2012-12-24T16:32:56" Importance="Diagnostic" Text="'Civilization::Implementation::StudentEII' -  (Class): no file generated because the 'AppliesToElement' method of the template 'StructTemplate.t4' evaluated to false." />
  <Message Timestamp="2012-12-24T16:32:56" Importance="Diagnostic" Text="'Civilization::Implementation::TeacherEII' -  (Class): no file generated because the 'AppliesToElement' method of the template 'StructTemplate.t4' evaluated to false." />
  <Message Timestamp="2012-12-24T16:32:56" Importance="Diagnostic" Text="'Civilization::Implementation::Player' -  (Class): no file generated because the 'AppliesToElement' method of the template 'StructTemplate.t4' evaluated to false." />
  <Message Timestamp="2012-12-24T16:32:57" Importance="Diagnostic" Text="'Civilization::Implementation::GameBuilder' -  (Class): no file generated because the 'AppliesToElement' method of the template 'StructTemplate.t4' evaluated to false." />
  <Message Timestamp="2012-12-24T16:32:57" Importance="Diagnostic" Text="'Civilization::Implementation::Game' -  (Class): no file generated because the 'AppliesToElement' method of the template 'StructTemplate.t4' evaluated to false." />
  <Message Timestamp="2012-12-24T16:32:57" Importance="Diagnostic" Text="'Civilization::Implementation::MapStrategy' -  (Class): no file generated because the 'AppliesToElement' method of the template 'StructTemplate.t4' evaluated to false." />
  <Message Timestamp="2012-12-24T16:32:57" Importance="Diagnostic" Text="'Civilization::Implementation::SmallMapStrategy' -  (Class): no file generated because the 'AppliesToElement' method of the template 'StructTemplate.t4' evaluated to false." />
  <Message Timestamp="2012-12-24T16:32:57" Importance="Diagnostic" Text="'Civilization::Implementation::LargeMapStrategy' -  (Class): no file generated because the 'AppliesToElement' method of the template 'StructTemplate.t4' evaluated to false." />
  <Message Timestamp="2012-12-24T16:32:57" Importance="Diagnostic" Text="'Civilization::Implementation::Map' -  (Class): no file generated because the 'AppliesToElement' method of the template 'StructTemplate.t4' evaluated to false." />
  <Message Timestamp="2012-12-24T16:32:57" Importance="Diagnostic" Text="'Civilization::Implementation::CaseFactory' -  (Class): no file generated because the 'AppliesToElement' method of the template 'StructTemplate.t4' evaluated to false." />
  <Message Timestamp="2012-12-24T16:32:57" Importance="Diagnostic" Text="'Civilization::Implementation::Case' -  (Class): no file generated because the 'AppliesToElement' method of the template 'StructTemplate.t4' evaluated to false." />
  <Message Timestamp="2012-12-24T16:32:57" Importance="Diagnostic" Text="'Civilization::Implementation::Plain' -  (Class): no file generated because the 'AppliesToElement' method of the template 'StructTemplate.t4' evaluated to false." />
  <Message Timestamp="2012-12-24T16:32:57" Importance="Diagnostic" Text="'Civilization::Implementation::Mountain' -  (Class): no file generated because the 'AppliesToElement' method of the template 'StructTemplate.t4' evaluated to false." />
  <Message Timestamp="2012-12-24T16:32:57" Importance="Diagnostic" Text="'Civilization::Implementation::Desert' -  (Class): no file generated because the 'AppliesToElement' method of the template 'StructTemplate.t4' evaluated to false." />
  <Message Timestamp="2012-12-24T16:32:57" Importance="Diagnostic" Text="'Civilization::Implementation::CaseDecorator' -  (Class): no file generated because the 'AppliesToElement' method of the template 'StructTemplate.t4' evaluated to false." />
  <Message Timestamp="2012-12-24T16:32:57" Importance="Diagnostic" Text="'Civilization::Implementation::Iron' -  (Class): no file generated because the 'AppliesToElement' method of the template 'StructTemplate.t4' evaluated to false." />
  <Message Timestamp="2012-12-24T16:32:57" Importance="Diagnostic" Text="'Civilization::Implementation::Fruit' -  (Class): no file generated because the 'AppliesToElement' method of the template 'StructTemplate.t4' evaluated to false." />
  <Message Timestamp="2012-12-24T16:32:57" Importance="Diagnostic" Text="'Civilization::GameCreation' -  (Interaction): no file generated because the 'AppliesToElement' method of the template 'StructTemplate.t4' evaluated to false." />
  <Message Timestamp="2012-12-24T16:32:57" Importance="Diagnostic" Text="'Civilization::OneGame' -  (Interaction): no file generated because the 'AppliesToElement' method of the template 'StructTemplate.t4' evaluated to false." />
  <Message Timestamp="2012-12-24T16:32:57" Importance="Diagnostic" Text="'Civilization::OneTurn' -  (Interaction): no file generated because the 'AppliesToElement' method of the template 'StructTemplate.t4' evaluated to false." />
  <Message Timestamp="2012-12-24T16:32:57" Importance="Diagnostic" Text="'Civilization::Player's actions' -  (Subsystem): no file generated because the 'AppliesToElement' method of the template 'StructTemplate.t4' evaluated to false." />
  <Message Timestamp="2012-12-24T16:32:57" Importance="Diagnostic" Text="'Civilization::Units' Actions' -  (Subsystem): no file generated because the 'AppliesToElement' method of the template 'StructTemplate.t4' evaluated to false." />
  <Message Timestamp="2012-12-24T16:32:58" Importance="Diagnostic" Text="The selection included 162 elements which were not bound to a template." />
  <Message Timestamp="2012-12-24T16:32:58" Importance="Diagnostic" Text="'Civilization' -  (ModelStoreModel): no bound template." />
  <Message Timestamp="2012-12-24T16:32:58" Importance="Diagnostic" Text="'ModelingProject1::Interfaces::IPlayer' -  (UndefinedType): no bound template." />
  <Message Timestamp="2012-12-24T16:32:58" Importance="Diagnostic" Text="'int' -  (UndefinedType): no bound template." />
  <Message Timestamp="2012-12-24T16:32:58" Importance="Diagnostic" Text="'Civilization::Interfaces' -  (Package): no bound template." />
  <Message Timestamp="2012-12-24T16:32:58" Importance="Diagnostic" Text="'9d887e09-af6a-43c2-b50d-3965a6c7679e' -  (Comment): no bound template." />
  <Message Timestamp="2012-12-24T16:32:58" Importance="Diagnostic" Text="'31333748-7fab-4bc9-b43e-e193ae7194bb' -  (Comment): no bound template." />
  <Message Timestamp="2012-12-24T16:32:58" Importance="Diagnostic" Text="'3987be57-d2dc-48ed-824f-1f495c46f86e' -  (Comment): no bound template." />
  <Message Timestamp="2012-12-24T16:32:58" Importance="Diagnostic" Text="'67e48704-fc95-4cc7-b7b7-64be0a752e89' -  (Comment): no bound template." />
  <Message Timestamp="2012-12-24T16:32:58" Importance="Diagnostic" Text="'e5e0aaa6-c71f-4407-98d1-6cc72e185301' -  (Comment): no bound template." />
  <Message Timestamp="2012-12-24T16:32:58" Importance="Diagnostic" Text="'Civilization::Interfaces::' -  (Dependency): no bound template." />
  <Message Timestamp="2012-12-24T16:32:58" Importance="Diagnostic" Text="'ModelingProject1::Implémentation::Player' -  (UndefinedType): no bound template." />
  <Message Timestamp="2012-12-24T16:32:58" Importance="Diagnostic" Text="'ModelingProject1::Implémentation::ProductionType' -  (UndefinedType): no bound template." />
  <Message Timestamp="2012-12-24T16:32:58" Importance="Diagnostic" Text="'ModelingProject1::Implémentation::CivilizationType' -  (UndefinedType): no bound template." />
  <Message Timestamp="2012-12-24T16:32:58" Importance="Diagnostic" Text="'List&lt;City&gt;' -  (UndefinedType): no bound template." />
  <Message Timestamp="2012-12-24T16:32:58" Importance="Diagnostic" Text="'ModelingProject1::Implémentation::StatusType' -  (UndefinedType): no bound template." />
  <Message Timestamp="2012-12-24T16:32:58" Importance="Diagnostic" Text="'List&lt;Player&gt;' -  (UndefinedType): no bound template." />
  <Message Timestamp="2012-12-24T16:32:58" Importance="Diagnostic" Text="'ModelingProject1::Implémentation::MapType' -  (UndefinedType): no bound template." />
  <Message Timestamp="2012-12-24T16:32:58" Importance="Diagnostic" Text="'List&lt;Case&gt;' -  (UndefinedType): no bound template." />
  <Message Timestamp="2012-12-24T16:32:58" Importance="Diagnostic" Text="'Dictionary&lt;int, Case&gt;' -  (UndefinedType): no bound template." />
  <Message Timestamp="2012-12-24T16:32:58" Importance="Diagnostic" Text="'List&lt;Unit&gt;' -  (UndefinedType): no bound template." />
  <Message Timestamp="2012-12-24T16:32:58" Importance="Diagnostic" Text="'ModelingProject1::Implémentation::City' -  (UndefinedType): no bound template." />
  <Message Timestamp="2012-12-24T16:32:58" Importance="Diagnostic" Text="'ModelingProject1::Interfaces::Player' -  (UndefinedType): no bound template." />
  <Message Timestamp="2012-12-24T16:32:58" Importance="Diagnostic" Text="'Civilization::Implementation' -  (Package): no bound template." />
  <Message Timestamp="2012-12-24T16:32:58" Importance="Diagnostic" Text="'Civilization::Implementation::' -  (InterfaceRealization): no bound template." />
  <Message Timestamp="2012-12-24T16:32:58" Importance="Diagnostic" Text="'Civilization::Implementation::' -  (InterfaceRealization): no bound template." />
  <Message Timestamp="2012-12-24T16:32:58" Importance="Diagnostic" Text="'Civilization::Implementation::' -  (InterfaceRealization): no bound template." />
  <Message Timestamp="2012-12-24T16:32:58" Importance="Diagnostic" Text="'Civilization::Implementation::' -  (InterfaceRealization): no bound template." />
  <Message Timestamp="2012-12-24T16:32:58" Importance="Diagnostic" Text="'Civilization::Implementation::' -  (InterfaceRealization): no bound template." />
  <Message Timestamp="2012-12-24T16:32:58" Importance="Diagnostic" Text="'Civilization::Implementation::' -  (InterfaceRealization): no bound template." />
  <Message Timestamp="2012-12-24T16:32:58" Importance="Diagnostic" Text="'Civilization::Implementation::' -  (InterfaceRealization): no bound template." />
  <Message Timestamp="2012-12-24T16:32:58" Importance="Diagnostic" Text="'Civilization::Implementation::' -  (InterfaceRealization): no bound template." />
  <Message Timestamp="2012-12-24T16:32:58" Importance="Diagnostic" Text="'Civilization::Implementation::' -  (InterfaceRealization): no bound template." />
  <Message Timestamp="2012-12-24T16:32:58" Importance="Diagnostic" Text="'Civilization::Implementation::' -  (InterfaceRealization): no bound template." />
  <Message Timestamp="2012-12-24T16:32:58" Importance="Diagnostic" Text="'Civilization::Implementation::' -  (InterfaceRealization): no bound template." />
  <Message Timestamp="2012-12-24T16:32:58" Importance="Diagnostic" Text="'Civilization::Implementation::' -  (InterfaceRealization): no bound template." />
  <Message Timestamp="2012-12-24T16:32:58" Importance="Diagnostic" Text="'Civilization::Implementation::' -  (InterfaceRealization): no bound template." />
  <Message Timestamp="2012-12-24T16:32:58" Importance="Diagnostic" Text="'Civilization::Implementation::' -  (Association): no bound template." />
  <Message Timestamp="2012-12-24T16:32:58" Importance="Diagnostic" Text="'Civilization::Implementation::' -  (InterfaceRealization): no bound template." />
  <Message Timestamp="2012-12-24T16:32:58" Importance="Diagnostic" Text="'Civilization::Implementation::' -  (InterfaceRealization): no bound template." />
  <Message Timestamp="2012-12-24T16:32:58" Importance="Diagnostic" Text="'Civilization::Implementation::' -  (InterfaceRealization): no bound template." />
  <Message Timestamp="2012-12-24T16:32:58" Importance="Diagnostic" Text="'Civilization::Implementation::' -  (InterfaceRealization): no bound template." />
  <Message Timestamp="2012-12-24T16:32:58" Importance="Diagnostic" Text="'Civilization::Implementation::' -  (Association): no bound template." />
  <Message Timestamp="2012-12-24T16:32:58" Importance="Diagnostic" Text="'Civilization::Implementation::' -  (Association): no bound template." />
  <Message Timestamp="2012-12-24T16:32:58" Importance="Diagnostic" Text="'Civilization::Implementation::' -  (InterfaceRealization): no bound template." />
  <Message Timestamp="2012-12-24T16:32:58" Importance="Diagnostic" Text="'Civilization::Implementation::' -  (Association): no bound template." />
  <Message Timestamp="2012-12-24T16:32:58" Importance="Diagnostic" Text="'Civilization::Implementation::' -  (InterfaceRealization): no bound template." />
  <Message Timestamp="2012-12-24T16:32:58" Importance="Diagnostic" Text="'Civilization::Implementation::' -  (InterfaceRealization): no bound template." />
  <Message Timestamp="2012-12-24T16:32:58" Importance="Diagnostic" Text="'Civilization::Implementation::' -  (InterfaceRealization): no bound template." />
  <Message Timestamp="2012-12-24T16:32:58" Importance="Diagnostic" Text="'Civilization::Implementation::' -  (InterfaceRealization): no bound template." />
  <Message Timestamp="2012-12-24T16:32:58" Importance="Diagnostic" Text="'Civilization::Implementation::' -  (InterfaceRealization): no bound template." />
  <Message Timestamp="2012-12-24T16:32:58" Importance="Diagnostic" Text="'Civilization::Implementation::' -  (Association): no bound template." />
  <Message Timestamp="2012-12-24T16:32:58" Importance="Diagnostic" Text="'Civilization::Implementation::' -  (InterfaceRealization): no bound template." />
  <Message Timestamp="2012-12-24T16:32:58" Importance="Diagnostic" Text="'Civilization::Implementation::' -  (InterfaceRealization): no bound template." />
  <Message Timestamp="2012-12-24T16:32:58" Importance="Diagnostic" Text="'Civilization::ExecutionEvent' -  (ExecutionEvent): no bound template." />
  <Message Timestamp="2012-12-24T16:32:58" Importance="Diagnostic" Text="'Civilization::ExecutionEvent' -  (ExecutionEvent): no bound template." />
  <Message Timestamp="2012-12-24T16:32:58" Importance="Diagnostic" Text="'Civilization::ExecutionEvent' -  (ExecutionEvent): no bound template." />
  <Message Timestamp="2012-12-24T16:32:58" Importance="Diagnostic" Text="'Civilization::ExecutionEvent' -  (ExecutionEvent): no bound template." />
  <Message Timestamp="2012-12-24T16:32:58" Importance="Diagnostic" Text="'Civilization::ExecutionEvent' -  (ExecutionEvent): no bound template." />
  <Message Timestamp="2012-12-24T16:32:58" Importance="Diagnostic" Text="'Civilization::ExecutionEvent' -  (ExecutionEvent): no bound template." />
  <Message Timestamp="2012-12-24T16:32:58" Importance="Diagnostic" Text="'Civilization::ExecutionEvent' -  (ExecutionEvent): no bound template." />
  <Message Timestamp="2012-12-24T16:32:58" Importance="Diagnostic" Text="'Civilization::ExecutionEvent' -  (ExecutionEvent): no bound template." />
  <Message Timestamp="2012-12-24T16:32:58" Importance="Diagnostic" Text="'Civilization::ExecutionEvent' -  (ExecutionEvent): no bound template." />
  <Message Timestamp="2012-12-24T16:32:58" Importance="Diagnostic" Text="'Civilization::ExecutionEvent' -  (ExecutionEvent): no bound template." />
  <Message Timestamp="2012-12-24T16:32:58" Importance="Diagnostic" Text="'Civilization::ExecutionEvent' -  (ExecutionEvent): no bound template." />
  <Message Timestamp="2012-12-24T16:32:58" Importance="Diagnostic" Text="'Civilization::ExecutionEvent' -  (ExecutionEvent): no bound template." />
  <Message Timestamp="2012-12-24T16:32:58" Importance="Diagnostic" Text="'Civilization::ExecutionEvent' -  (ExecutionEvent): no bound template." />
  <Message Timestamp="2012-12-24T16:32:58" Importance="Diagnostic" Text="'Civilization::ExecutionEvent' -  (ExecutionEvent): no bound template." />
  <Message Timestamp="2012-12-24T16:32:58" Importance="Diagnostic" Text="'Civilization::ExecutionEvent' -  (ExecutionEvent): no bound template." />
  <Message Timestamp="2012-12-24T16:32:58" Importance="Diagnostic" Text="'Civilization::ExecutionEvent' -  (ExecutionEvent): no bound template." />
  <Message Timestamp="2012-12-24T16:32:58" Importance="Diagnostic" Text="'Civilization::ExecutionEvent' -  (ExecutionEvent): no bound template." />
  <Message Timestamp="2012-12-24T16:32:58" Importance="Diagnostic" Text="'Civilization::ExecutionEvent' -  (ExecutionEvent): no bound template." />
  <Message Timestamp="2012-12-24T16:32:58" Importance="Diagnostic" Text="'Civilization::ExecutionEvent' -  (ExecutionEvent): no bound template." />
  <Message Timestamp="2012-12-24T16:32:58" Importance="Diagnostic" Text="'Civilization::ExecutionEvent' -  (ExecutionEvent): no bound template." />
  <Message Timestamp="2012-12-24T16:32:58" Importance="Diagnostic" Text="'Civilization::ExecutionEvent' -  (ExecutionEvent): no bound template." />
  <Message Timestamp="2012-12-24T16:32:58" Importance="Diagnostic" Text="'Civilization::ExecutionEvent' -  (ExecutionEvent): no bound template." />
  <Message Timestamp="2012-12-24T16:32:58" Importance="Diagnostic" Text="'Civilization::ExecutionEvent' -  (ExecutionEvent): no bound template." />
  <Message Timestamp="2012-12-24T16:32:58" Importance="Diagnostic" Text="'Civilization::ExecutionEvent' -  (ExecutionEvent): no bound template." />
  <Message Timestamp="2012-12-24T16:32:58" Importance="Diagnostic" Text="'Civilization::ExecutionEvent' -  (ExecutionEvent): no bound template." />
  <Message Timestamp="2012-12-24T16:32:58" Importance="Diagnostic" Text="'Civilization::ExecutionEvent' -  (ExecutionEvent): no bound template." />
  <Message Timestamp="2012-12-24T16:32:58" Importance="Diagnostic" Text="'Civilization::ExecutionEvent' -  (ExecutionEvent): no bound template." />
  <Message Timestamp="2012-12-24T16:32:58" Importance="Diagnostic" Text="'Civilization::ExecutionEvent' -  (ExecutionEvent): no bound template." />
  <Message Timestamp="2012-12-24T16:32:58" Importance="Diagnostic" Text="'Civilization::ExecutionEvent' -  (ExecutionEvent): no bound template." />
  <Message Timestamp="2012-12-24T16:32:58" Importance="Diagnostic" Text="'Civilization::ExecutionEvent' -  (ExecutionEvent): no bound template." />
  <Message Timestamp="2012-12-24T16:32:58" Importance="Diagnostic" Text="'Civilization::ExecutionEvent' -  (ExecutionEvent): no bound template." />
  <Message Timestamp="2012-12-24T16:32:58" Importance="Diagnostic" Text="'Civilization::ExecutionEvent' -  (ExecutionEvent): no bound template." />
  <Message Timestamp="2012-12-24T16:32:58" Importance="Diagnostic" Text="'Civilization::ExecutionEvent' -  (ExecutionEvent): no bound template." />
  <Message Timestamp="2012-12-24T16:32:58" Importance="Diagnostic" Text="'Civilization::ExecutionEvent' -  (ExecutionEvent): no bound template." />
  <Message Timestamp="2012-12-24T16:32:58" Importance="Diagnostic" Text="'Civilization::ExecutionEvent' -  (ExecutionEvent): no bound template." />
  <Message Timestamp="2012-12-24T16:32:58" Importance="Diagnostic" Text="'Civilization::ExecutionEvent' -  (ExecutionEvent): no bound template." />
  <Message Timestamp="2012-12-24T16:32:58" Importance="Diagnostic" Text="'Civilization::ExecutionEvent' -  (ExecutionEvent): no bound template." />
  <Message Timestamp="2012-12-24T16:32:58" Importance="Diagnostic" Text="'Civilization::ExecutionEvent' -  (ExecutionEvent): no bound template." />
  <Message Timestamp="2012-12-24T16:32:58" Importance="Diagnostic" Text="'Civilization::ExecutionEvent' -  (ExecutionEvent): no bound template." />
  <Message Timestamp="2012-12-24T16:32:58" Importance="Diagnostic" Text="'Civilization::ExecutionEvent' -  (ExecutionEvent): no bound template." />
  <Message Timestamp="2012-12-24T16:32:58" Importance="Diagnostic" Text="'Civilization::ExecutionEvent' -  (ExecutionEvent): no bound template." />
  <Message Timestamp="2012-12-24T16:32:58" Importance="Diagnostic" Text="'Civilization::ExecutionEvent' -  (ExecutionEvent): no bound template." />
  <Message Timestamp="2012-12-24T16:32:58" Importance="Diagnostic" Text="'Civilization::ExecutionEvent' -  (ExecutionEvent): no bound template." />
  <Message Timestamp="2012-12-24T16:32:58" Importance="Diagnostic" Text="'Civilization::ExecutionEvent' -  (ExecutionEvent): no bound template." />
  <Message Timestamp="2012-12-24T16:32:58" Importance="Diagnostic" Text="'Civilization::ExecutionEvent' -  (ExecutionEvent): no bound template." />
  <Message Timestamp="2012-12-24T16:32:58" Importance="Diagnostic" Text="'Civilization::ExecutionEvent' -  (ExecutionEvent): no bound template." />
  <Message Timestamp="2012-12-24T16:32:58" Importance="Diagnostic" Text="'Civilization::ExecutionEvent' -  (ExecutionEvent): no bound template." />
  <Message Timestamp="2012-12-24T16:32:58" Importance="Diagnostic" Text="'Civilization::ExecutionEvent' -  (ExecutionEvent): no bound template." />
  <Message Timestamp="2012-12-24T16:32:58" Importance="Diagnostic" Text="'Civilization::ExecutionEvent' -  (ExecutionEvent): no bound template." />
  <Message Timestamp="2012-12-24T16:32:58" Importance="Diagnostic" Text="'Civilization::ExecutionEvent' -  (ExecutionEvent): no bound template." />
  <Message Timestamp="2012-12-24T16:32:58" Importance="Diagnostic" Text="'Civilization::ExecutionEvent' -  (ExecutionEvent): no bound template." />
  <Message Timestamp="2012-12-24T16:32:58" Importance="Diagnostic" Text="'Civilization::ExecutionEvent' -  (ExecutionEvent): no bound template." />
  <Message Timestamp="2012-12-24T16:32:58" Importance="Diagnostic" Text="'Civilization::ExecutionEvent' -  (ExecutionEvent): no bound template." />
  <Message Timestamp="2012-12-24T16:32:58" Importance="Diagnostic" Text="'Civilization::ExecutionEvent' -  (ExecutionEvent): no bound template." />
  <Message Timestamp="2012-12-24T16:32:58" Importance="Diagnostic" Text="'Civilization::ExecutionEvent' -  (ExecutionEvent): no bound template." />
  <Message Timestamp="2012-12-24T16:32:58" Importance="Diagnostic" Text="'Civilization::ExecutionEvent' -  (ExecutionEvent): no bound template." />
  <Message Timestamp="2012-12-24T16:32:58" Importance="Diagnostic" Text="'Civilization::ExecutionEvent' -  (ExecutionEvent): no bound template." />
  <Message Timestamp="2012-12-24T16:32:58" Importance="Diagnostic" Text="'Civilization::ExecutionEvent' -  (ExecutionEvent): no bound template." />
  <Message Timestamp="2012-12-24T16:32:58" Importance="Diagnostic" Text="'Civilization::ExecutionEvent' -  (ExecutionEvent): no bound template." />
  <Message Timestamp="2012-12-24T16:32:58" Importance="Diagnostic" Text="'Civilization::ExecutionEvent' -  (ExecutionEvent): no bound template." />
  <Message Timestamp="2012-12-24T16:32:58" Importance="Diagnostic" Text="'Civilization::ExecutionEvent' -  (ExecutionEvent): no bound template." />
  <Message Timestamp="2012-12-24T16:32:58" Importance="Diagnostic" Text="'Civilization::ExecutionEvent' -  (ExecutionEvent): no bound template." />
  <Message Timestamp="2012-12-24T16:32:58" Importance="Diagnostic" Text="'Civilization::ExecutionEvent' -  (ExecutionEvent): no bound template." />
  <Message Timestamp="2012-12-24T16:32:58" Importance="Diagnostic" Text="'Civilization::ExecutionEvent' -  (ExecutionEvent): no bound template." />
  <Message Timestamp="2012-12-24T16:32:58" Importance="Diagnostic" Text="'Civilization::ExecutionEvent' -  (ExecutionEvent): no bound template." />
  <Message Timestamp="2012-12-24T16:32:58" Importance="Diagnostic" Text="'Civilization::ExecutionEvent' -  (ExecutionEvent): no bound template." />
  <Message Timestamp="2012-12-24T16:32:58" Importance="Diagnostic" Text="'Civilization::ExecutionEvent' -  (ExecutionEvent): no bound template." />
  <Message Timestamp="2012-12-24T16:32:58" Importance="Diagnostic" Text="'Civilization::ExecutionEvent' -  (ExecutionEvent): no bound template." />
  <Message Timestamp="2012-12-24T16:32:58" Importance="Diagnostic" Text="'Civilization::ExecutionEvent' -  (ExecutionEvent): no bound template." />
  <Message Timestamp="2012-12-24T16:32:58" Importance="Diagnostic" Text="'Civilization::ExecutionEvent' -  (ExecutionEvent): no bound template." />
  <Message Timestamp="2012-12-24T16:32:58" Importance="Diagnostic" Text="'Civilization::ExecutionEvent' -  (ExecutionEvent): no bound template." />
  <Message Timestamp="2012-12-24T16:32:58" Importance="Diagnostic" Text="'Civilization::ExecutionEvent' -  (ExecutionEvent): no bound template." />
  <Message Timestamp="2012-12-24T16:32:58" Importance="Diagnostic" Text="'Civilization::Player' -  (Actor): no bound template." />
  <Message Timestamp="2012-12-24T16:32:58" Importance="Diagnostic" Text="'Civilization::Choose poduction' -  (UseCase): no bound template." />
  <Message Timestamp="2012-12-24T16:32:58" Importance="Diagnostic" Text="'Civilization::Create map' -  (UseCase): no bound template." />
  <Message Timestamp="2012-12-24T16:32:58" Importance="Diagnostic" Text="'Civilization::Small' -  (UseCase): no bound template." />
  <Message Timestamp="2012-12-24T16:32:58" Importance="Diagnostic" Text="'Civilization::Big' -  (UseCase): no bound template." />
  <Message Timestamp="2012-12-24T16:32:58" Importance="Diagnostic" Text="'Civilization::Choose civilization' -  (UseCase): no bound template." />
  <Message Timestamp="2012-12-24T16:32:58" Importance="Diagnostic" Text="'Civilization::EII' -  (UseCase): no bound template." />
  <Message Timestamp="2012-12-24T16:32:58" Importance="Diagnostic" Text="'Civilization::INFO' -  (UseCase): no bound template." />
  <Message Timestamp="2012-12-24T16:32:58" Importance="Diagnostic" Text="'Civilization::Move view' -  (UseCase): no bound template." />
  <Message Timestamp="2012-12-24T16:32:58" Importance="Diagnostic" Text="'Civilization::Attack !' -  (UseCase): no bound template." />
  <Message Timestamp="2012-12-24T16:32:58" Importance="Diagnostic" Text="'Civilization::Create units' -  (UseCase): no bound template." />
  <Message Timestamp="2012-12-24T16:32:58" Importance="Diagnostic" Text="'Civilization::Create boss' -  (UseCase): no bound template." />
  <Message Timestamp="2012-12-24T16:32:58" Importance="Diagnostic" Text="'Civilization::Create student' -  (UseCase): no bound template." />
  <Message Timestamp="2012-12-24T16:32:58" Importance="Diagnostic" Text="'Civilization::Create teacher' -  (UseCase): no bound template." />
  <Message Timestamp="2012-12-24T16:32:58" Importance="Diagnostic" Text="'Civilization::Move units' -  (UseCase): no bound template." />
  <Message Timestamp="2012-12-24T16:32:58" Importance="Diagnostic" Text="'Civilization::Colonize' -  (UseCase): no bound template." />
  <Message Timestamp="2012-12-24T16:32:58" Importance="Diagnostic" Text="'Civilization::End turn' -  (UseCase): no bound template." />
  <Message Timestamp="2012-12-24T16:32:58" Importance="Diagnostic" Text="'Civilization::Change current construction' -  (UseCase): no bound template." />
  <Message Timestamp="2012-12-24T16:32:58" Importance="Diagnostic" Text="'Civilization::Unit' -  (Actor): no bound template." />
  <Message Timestamp="2012-12-24T16:32:58" Importance="Diagnostic" Text="'Civilization::DDD' -  (Actor): no bound template." />
  <Message Timestamp="2012-12-24T16:32:58" Importance="Diagnostic" Text="'Civilization::Student' -  (Actor): no bound template." />
  <Message Timestamp="2012-12-24T16:32:58" Importance="Diagnostic" Text="'Civilization::Teacher' -  (Actor): no bound template." />
  <Message Timestamp="2012-12-24T16:32:58" Importance="Diagnostic" Text="'Civilization::Move' -  (UseCase): no bound template." />
  <Message Timestamp="2012-12-24T16:32:58" Importance="Diagnostic" Text="'Civilization::Attack !1' -  (UseCase): no bound template." />
  <Message Timestamp="2012-12-24T16:32:58" Importance="Diagnostic" Text="'Civilization::Create new city' -  (UseCase): no bound template." />
  <Message Timestamp="2012-12-24T16:32:58" Importance="Diagnostic" Text="'Civilization::' -  (Association): no bound template." />
  <Message Timestamp="2012-12-24T16:32:58" Importance="Diagnostic" Text="'Civilization::' -  (Association): no bound template." />
  <Message Timestamp="2012-12-24T16:32:58" Importance="Diagnostic" Text="'Civilization::' -  (Association): no bound template." />
  <Message Timestamp="2012-12-24T16:32:58" Importance="Diagnostic" Text="'Civilization::' -  (Association): no bound template." />
  <Message Timestamp="2012-12-24T16:32:58" Importance="Diagnostic" Text="'Civilization::' -  (Association): no bound template." />
  <Message Timestamp="2012-12-24T16:32:58" Importance="Diagnostic" Text="'Civilization::' -  (Association): no bound template." />
  <Message Timestamp="2012-12-24T16:32:58" Importance="Diagnostic" Text="'Civilization::' -  (Association): no bound template." />
  <Message Timestamp="2012-12-24T16:32:58" Importance="Diagnostic" Text="'Civilization::' -  (Association): no bound template." />
  <Message Timestamp="2012-12-24T16:32:58" Importance="Diagnostic" Text="'Civilization::' -  (Association): no bound template." />
  <Message Timestamp="2012-12-24T16:32:58" Importance="Diagnostic" Text="'Civilization::' -  (Association): no bound template." />
  <Message Timestamp="2012-12-24T16:32:58" Importance="Diagnostic" Text="'Civilization::' -  (Association): no bound template." />
  <Message Timestamp="2012-12-24T16:32:58" Importance="Diagnostic" Text="'Civilization::' -  (Association): no bound template." />
  <Message Timestamp="2012-12-24T16:32:58" Importance="High" Text="Code generation complete. Errors: 0. Warnings: 0." />
</Log>